k,i1,i2,i3,i4,d_rel,erro_inf
0,0.0,0.0,0.0,0.0,nan,0.03157509157509157
1,-0.02857142857142857,0.026122448979591834,0.007124304267161409,-0.0052015516950581885,1.0,0.007765567765567763
2,-0.023337108160855845,0.030671242354253222,0.006473410934775174,-0.0040106982494060766,0.17065889767738332,0.002531247354995037
3,-0.021527087148530254,0.030909436929609287,0.006971410708291232,-0.003335965328402349,0.05855884778644106,0.0007212263426694468
4,-0.021169860303712637,0.031224930216778347,0.007302811757884148,-0.0031180303526910295,0.011440436930925972,0.0003639994978518295
5,-0.0209863186606452,0.03141939970748029,0.007435097973788795,-0.003019869462434583,0.006189471871279721,0.00018045785478439103
6,-0.020888686996049025,0.03150398856132405,0.007493862530384894,-0.0029718737151461353,0.003099025521994754,8.282619018821699e-05
7,-0.0208439491461129,0.03154195561413269,0.007521670180164868,-0.002949560610698112,0.0014183600561557845,3.8088340252092484e-05
8,-0.02082353865768985,0.03155970474644499,0.007534624708776592,-0.0029392833761784703,0.0006467262158195446,1.7677851829041996e-05
9,-0.020814062947949345,0.03156796403291873,0.007540614417640208,-0.0029345210157533824,0.00030016854208979576,8.202142088537673e-06
10,-0.02080966214020324,0.03157178842464488,0.007543389200992828,-0.002932311783330765,0.00013939051177313118,3.8013343424334045e-06
11,-0.020807622642957505,0.03157356033100907,0.007544675805427649,-0.002931287700651083,6.459509869507578e-05,1.7618370966969443e-06
12,-0.020806677491419304,0.031574381776206334,0.0075452722296376964,-0.00293081305051883,2.993412649849863e-05,8.166855584960941e-07
13,-0.02080623937130626,0.03157476256375722,0.00754554868083603,-0.002930593035506787,1.3875642363367825e-05,3.7856544545314397e-07
14,-0.020806036282715133,0.03157493906815398,0.007545676823857708,-0.002930491050246779,6.431955123961721e-06,1.7547685432495186e-07
15,-0.02080594214491891,0.03157502088310504,0.007545736222575274,-0.002930443776768694,2.9814009171982737e-06,8.133905810350783e-08
16,-0.02080589850915657,0.03157505880705896,0.007545763755827463,-0.002930421864014533,1.381969313403315e-06,3.770329576324727e-08
17,-0.02080587828256081,0.03157507638605154,0.007545776518372409,-0.0029304117067447994,6.405873896265075e-07,1.7476700003848933e-08
